{
  "best_model": "logistic_regression",
  "results": {
    "logistic_regression": {
      "best_params": {
        "classifier__C": 0.1
      },
      "metrics": {
        "accuracy": 0.8524590163934426,
        "precision": 0.8064516129032258,
        "recall": 0.8928571428571429,
        "f1_score": 0.847457627118644,
        "roc_auc": 0.9577922077922079
      },
      "cv_roc_auc_mean": 0.891376417463374
    },
    "random_forest": {
      "best_params": {
        "classifier__max_depth": 5,
        "classifier__n_estimators": 200
      },
      "metrics": {
        "accuracy": 0.9016393442622951,
        "precision": 0.8666666666666667,
        "recall": 0.9285714285714286,
        "f1_score": 0.896551724137931,
        "roc_auc": 0.9567099567099567
      },
      "cv_roc_auc_mean": 0.8940390527347049
    }
  }
}